josan burn,burnK@gamail.com,8017418963,FF,18:00
jack blacm,lucky1@yahoo.com,3854567892,CC,14:00
youth kind,levyK@yahoo.com,3854567892,CC,15:00
micro soft,coxRi@yahoo.com,3854567892,CC,15:00
jack black,black@yahoo.com,3854567892,CC,14:00
jacky flur,youth@yahoo.com,3854567892,CC,16:00
chevy bot,bottyn@yahoo.com,3854567892,CC,14:00
levy knox,tuffGod@yahoo.com,3854567892,CC,14:00
richy cox,mad23@yahoo.com,3854567892,CC,13:00
madd max,mad23@yahoo.com,3822267892,CC,10:00
table cloth,bottyn@yahoo.com,3854111892,CC,13:00
match tnox,tuffGod@yahoo.com,3854567823,CC,14:00
rocky hand,mad23@yahoo.com,3854560000,CC,13:00
brigh dogg,mad23@yahoo.com,3874557892,CC,10:00
leroy love,bottyn@yahoo.com,3877711892,CC,13:00
niel fran,nielfran@yahoo.com,3896811892,IF,18:00