Mike Jones,mjones@gmail.com,3858521234,FF,8:00
Chris White,jhum12@jetout.bot,8215689874,CC,8:00
Watt Jenkins,hothead@head.edu,8012543623,CC,9:00
Chris Redd,redd356@head.edu,8019874521,FV,10:00
Miles Butt,bmiles@jetout.gov,8012543625,FF,11:00
Watt kins JR,hoho23@yahoo.com,8012543626,MV,12:00
Tahjah Camp,hothead45@.sllc.edu,8012543627,SF,12:00
Melanie Dunn,ynotme@bruin.edu,8012543628,SF,13:00
Mike Bric,bric801@mike.bric,8012543629,MV,13:00
Jenny Sale,saleJ@yahoo.edu,8012543630,FF,13:00
Penny Hale,halepen@head.gov,8012543631,SF,14:00
Ben Jakes,thisIsMe@gmool.edu,8012543632,LC,15:00
Benny Show,benny89@head.com,8012543633,LF,16:00
Shawn Mow,mowBetta@ha.com,8012543634,CC,17:00
Micheal kings,jenkinsM56@head.com,8012543635,IF,17:00
,,,,
